{"stats":{"minecraft:mined":{"minecraft:short_grass":1},"minecraft:used":{"minecraft:porkchop":8,"minecraft:oak_planks":2},"minecraft:custom":{"minecraft:time_since_rest":8159,"minecraft:crouch_one_cm":82,"minecraft:sprint_one_cm":48866,"minecraft:play_time":8159,"minecraft:damage_taken":287,"minecraft:walk_one_cm":38268,"minecraft:sneak_time":26,"minecraft:walk_under_water_one_cm":1241,"minecraft:mob_kills":4,"minecraft:jump":194,"minecraft:damage_dealt":606,"minecraft:leave_game":1,"minecraft:walk_on_water_one_cm":3200,"minecraft:time_since_death":8159,"minecraft:total_world_time":8159,"minecraft:swim_one_cm":11798,"minecraft:fall_one_cm":4532,"minecraft:fly_one_cm":12906,"minecraft:player_kills":1},"minecraft:picked_up":{"minecraft:porkchop":10,"minecraft:oak_planks":20},"minecraft:killed":{"minecraft:pig":4}},"DataVersion":3953}