{"stats":{"minecraft:mined":{"minecraft:oak_door":8,"minecraft:iron_ore":14,"minecraft:crafting_table":2,"minecraft:short_grass":2,"minecraft:grass_block":3,"minecraft:coal_ore":9,"minecraft:chest":1,"minecraft:dirt":1,"minecraft:tall_grass":3,"minecraft:cobblestone":12,"minecraft:stone":2,"minecraft:oak_planks":1,"minecraft:diorite":1},"minecraft:used":{"minecraft:stone_sword":2,"minecraft:stone_pickaxe":29,"minecraft:oak_planks":2,"minecraft:wooden_pickaxe":12,"minecraft:stone_axe":42,"minecraft:oak_door":9,"minecraft:crafting_table":3,"minecraft:porkchop":10,"minecraft:carrot":2},"minecraft:custom":{"minecraft:time_since_rest":20159,"minecraft:sprint_one_cm":84229,"minecraft:damage_taken":337,"minecraft:walk_one_cm":61927,"minecraft:mob_kills":27,"minecraft:damage_dealt":2681,"minecraft:interact_with_crafting_table":5,"minecraft:swim_one_cm":51180,"minecraft:fly_one_cm":25831,"minecraft:player_kills":1,"minecraft:open_chest":1,"minecraft:crouch_one_cm":232,"minecraft:play_time":20159,"minecraft:sneak_time":218,"minecraft:walk_under_water_one_cm":19875,"minecraft:jump":309,"minecraft:leave_game":1,"minecraft:time_since_death":20159,"minecraft:walk_on_water_one_cm":6601,"minecraft:total_world_time":20159,"minecraft:fall_one_cm":6728},"minecraft:crafted":{"minecraft:oak_door":3,"minecraft:crafting_table":1,"minecraft:stick":12,"minecraft:wooden_pickaxe":1,"minecraft:stone_pickaxe":2,"minecraft:stone_sword":1,"minecraft:stone_axe":1,"minecraft:bread":1},"minecraft:picked_up":{"minecraft:raw_iron":14,"minecraft:crafting_table":2,"minecraft:oak_door":9,"minecraft:tripwire_hook":2,"minecraft:brown_wool":1,"minecraft:porkchop":34,"minecraft:diorite":1,"minecraft:dirt":4,"minecraft:light_gray_wool":1,"minecraft:mutton":16,"minecraft:chest":1,"minecraft:coal":8,"minecraft:oak_planks":21,"minecraft:white_wool":7,"minecraft:cobblestone":13,"minecraft:egg":3},"minecraft:killed":{"minecraft:sheep":10,"minecraft:pig":17}},"DataVersion":3953}