{"stats":{"minecraft:mined":{"minecraft:short_grass":1,"minecraft:grass_block":3,"minecraft:oak_log":2,"minecraft:oak_leaves":1},"minecraft:used":{"minecraft:dirt":3},"minecraft:custom":{"minecraft:jump":35,"minecraft:time_since_rest":2861,"minecraft:crouch_one_cm":196,"minecraft:leave_game":3,"minecraft:play_time":2861,"minecraft:time_since_death":2861,"minecraft:sprint_one_cm":2546,"minecraft:walk_on_water_one_cm":215,"minecraft:walk_one_cm":4117,"minecraft:sneak_time":71,"minecraft:total_world_time":2861,"minecraft:fall_one_cm":418,"minecraft:fly_one_cm":6066},"minecraft:picked_up":{"minecraft:oak_log":2,"minecraft:dirt":3}},"DataVersion":3953}