{"stats":{"minecraft:mined":{"minecraft:furnace":1,"minecraft:iron_ore":5,"minecraft:birch_leaves":2,"minecraft:crafting_table":3,"minecraft:short_grass":1,"minecraft:oak_log":19,"minecraft:grass_block":2,"minecraft:coal_ore":2,"minecraft:dirt":1,"minecraft:stone":22,"minecraft:oak_leaves":16},"minecraft:killed_by":{"minecraft:player":1},"minecraft:used":{"minecraft:cooked_mutton":2,"minecraft:stone_pickaxe":27,"minecraft:wooden_pickaxe":3,"minecraft:stone_axe":11,"minecraft:dirt":3,"minecraft:crafting_table":3,"minecraft:furnace":1,"minecraft:oak_sapling":1,"minecraft:porkchop":3,"minecraft:egg":4},"minecraft:custom":{"minecraft:time_since_rest":16459,"minecraft:interact_with_furnace":10,"minecraft:sprint_one_cm":76206,"minecraft:damage_taken":311,"minecraft:walk_one_cm":56389,"minecraft:mob_kills":9,"minecraft:drop":2,"minecraft:damage_dealt":977,"minecraft:interact_with_crafting_table":5,"minecraft:swim_one_cm":23019,"minecraft:fly_one_cm":123147,"minecraft:crouch_one_cm":3639,"minecraft:play_time":21328,"minecraft:deaths":1,"minecraft:sneak_time":3413,"minecraft:walk_under_water_one_cm":3768,"minecraft:jump":718,"minecraft:leave_game":1,"minecraft:walk_on_water_one_cm":6025,"minecraft:time_since_death":16430,"minecraft:total_world_time":21328,"minecraft:fall_one_cm":15165},"minecraft:dropped":{"minecraft:arrow":1,"minecraft:wooden_pickaxe":1},"minecraft:crafted":{"minecraft:cooked_beef":9,"minecraft:oak_planks":76,"minecraft:crafting_table":1,"minecraft:stick":8,"minecraft:wooden_pickaxe":1,"minecraft:stone_pickaxe":1,"minecraft:furnace":1,"minecraft:stone_axe":1,"minecraft:air":0,"minecraft:cooked_mutton":6},"minecraft:picked_up":{"minecraft:raw_iron":5,"minecraft:crafting_table":3,"minecraft:leather":1,"minecraft:porkchop":3,"minecraft:oak_log":19,"minecraft:dirt":3,"minecraft:arrow":1,"minecraft:beef":9,"minecraft:oak_sapling":1,"minecraft:mutton":6,"minecraft:coal":2,"minecraft:furnace":1,"minecraft:white_wool":3,"minecraft:cobblestone":22,"minecraft:egg":4},"minecraft:killed":{"minecraft:sheep":3,"minecraft:pig":1,"minecraft:cow":4}},"DataVersion":3953}