{"stats":{"minecraft:mined":{"minecraft:short_grass":1,"minecraft:oak_log":16,"minecraft:oak_leaves":10},"minecraft:killed_by":{"minecraft:player":1},"minecraft:used":{"minecraft:oak_sapling":1,"minecraft:porkchop":3},"minecraft:custom":{"minecraft:time_since_rest":4459,"minecraft:crouch_one_cm":1998,"minecraft:damage_taken":251,"minecraft:sprint_one_cm":25650,"minecraft:play_time":9328,"minecraft:deaths":1,"minecraft:walk_one_cm":24077,"minecraft:sneak_time":2341,"minecraft:walk_under_water_one_cm":1728,"minecraft:mob_kills":2,"minecraft:jump":300,"minecraft:damage_dealt":337,"minecraft:leave_game":1,"minecraft:time_since_death":4430,"minecraft:walk_on_water_one_cm":5288,"minecraft:total_world_time":9328,"minecraft:swim_one_cm":23019,"minecraft:fall_one_cm":6304,"minecraft:fly_one_cm":65470},"minecraft:crafted":{"minecraft:oak_planks":20},"minecraft:picked_up":{"minecraft:porkchop":3,"minecraft:oak_log":16,"minecraft:oak_sapling":1},"minecraft:killed":{"minecraft:pig":1}},"DataVersion":3953}