{"stats":{"minecraft:mined":{"minecraft:hay_block":58,"minecraft:crafting_table":1,"minecraft:dark_oak_fence":3,"minecraft:short_grass":9,"minecraft:blast_furnace":1,"minecraft:grass_block":1,"minecraft:oak_log":12,"minecraft:tall_grass":1,"minecraft:sugar_cane":9,"minecraft:oak_leaves":1},"minecraft:used":{"minecraft:golden_boots":14,"minecraft:iron_hoe":62,"minecraft:wooden_axe":4,"minecraft:leather_leggings":1,"minecraft:iron_axe":7,"minecraft:bread":5,"minecraft:iron_pickaxe":1,"minecraft:oak_planks":4,"minecraft:leather_helmet":1,"minecraft:iron_helmet":2,"minecraft:iron_chestplate":1,"minecraft:golden_sword":2,"minecraft:dirt":1,"minecraft:beef":2,"minecraft:crafting_table":3,"minecraft:dark_oak_fence":1,"minecraft:enchanted_golden_apple":1,"minecraft:experience_bottle":1},"minecraft:custom":{"minecraft:time_since_rest":14686,"minecraft:sprint_one_cm":81929,"minecraft:walk_one_cm":45406,"minecraft:damage_taken":592,"minecraft:damage_absorbed":160,"minecraft:mob_kills":1,"minecraft:drop":2,"minecraft:damage_dealt":203,"minecraft:talked_to_villager":3,"minecraft:swim_one_cm":44036,"minecraft:interact_with_crafting_table":6,"minecraft:fly_one_cm":184580,"minecraft:open_chest":10,"minecraft:crouch_one_cm":4010,"minecraft:play_time":23639,"minecraft:deaths":1,"minecraft:sneak_time":1702,"minecraft:walk_under_water_one_cm":21090,"minecraft:interact_with_brewingstand":2,"minecraft:jump":695,"minecraft:walk_on_water_one_cm":7269,"minecraft:time_since_death":14646,"minecraft:total_world_time":23639,"minecraft:damage_resisted":90,"minecraft:fall_one_cm":16425},"minecraft:dropped":{"minecraft:wooden_axe":1,"minecraft:leather_helmet":1},"minecraft:crafted":{"minecraft:oak_planks":48,"minecraft:iron_axe":1,"minecraft:crafting_table":2,"minecraft:iron_hoe":1,"minecraft:stick":12,"minecraft:iron_pickaxe":1,"minecraft:wooden_axe":1},"minecraft:picked_up":{"minecraft:crafting_table":1,"minecraft:oak_log":12,"minecraft:blast_furnace":1,"minecraft:dirt":1,"minecraft:wheat_seeds":2,"minecraft:hay_block":55,"minecraft:beef":2,"minecraft:sugar_cane":20,"minecraft:dark_oak_fence":3},"minecraft:killed":{"minecraft:cow":1}},"DataVersion":3953}