{"stats":{"minecraft:mined":{"minecraft:grass_block":1,"minecraft:oak_log":3,"minecraft:sugar_cane":3,"minecraft:oak_leaves":1,"minecraft:dark_oak_fence":3},"minecraft:custom":{"minecraft:time_since_rest":2686,"minecraft:open_chest":3,"minecraft:deaths":1,"minecraft:crouch_one_cm":1000,"minecraft:damage_absorbed":160,"minecraft:play_time":11639,"minecraft:sprint_one_cm":38241,"minecraft:damage_taken":542,"minecraft:walk_one_cm":16491,"minecraft:sneak_time":657,"minecraft:walk_under_water_one_cm":16920,"minecraft:jump":337,"minecraft:damage_dealt":103,"minecraft:time_since_death":2646,"minecraft:walk_on_water_one_cm":5028,"minecraft:damage_resisted":90,"minecraft:total_world_time":11639,"minecraft:swim_one_cm":30470,"minecraft:fall_one_cm":8739,"minecraft:fly_one_cm":84284},"minecraft:used":{"minecraft:golden_boots":14,"minecraft:golden_sword":2,"minecraft:dirt":1,"minecraft:crafting_table":1,"minecraft:dark_oak_fence":1,"minecraft:oak_planks":3,"minecraft:enchanted_golden_apple":1,"minecraft:experience_bottle":1},"minecraft:crafted":{"minecraft:oak_planks":12,"minecraft:crafting_table":1,"minecraft:stick":4},"minecraft:picked_up":{"minecraft:oak_log":3,"minecraft:sugar_cane":6,"minecraft:dark_oak_fence":3,"minecraft:dirt":1}},"DataVersion":3953}